"gender","height","weight","shoeSize","shoeNums","schoolYear","pets","siblings","speed","cash","sleep","ageMother","ageFather","random","love","charity"
"female",72,174,11,17,"Sophomore",4,5,80,3,7,42,36,6,"one",25
"female",67,140,8.5,100,"Sophomore",0,1,110,76,8.5,55,61,6,"dozens",90
"female",64,107,6,25,"Sophomore",5,2,100,75,7.5,58,60,4,"few",75
"male",70,185,11,7,"Sophomore",3,2,95,35,7,53,55,8,"few",60
"female",62,133,7,8,"Sophomore",30,1,195,18,6,41,49,6,"hundreds",70
"female",65,136,6.5,10,"Freshman",2,2,80,20,7,51,49,3,"one",100
"male",67,162,10,20,"Sophomore",0,2,115,50,5,38,45,10,"few",70
"male",71,165,10.5,11,"Sophomore",0,1,120,10,7,53,56,5,"few",50
"male",72,135,10.5,5,"Freshman",0,2,80,70,8,52,53,7,"dozens",65
"female",66,148,8.5,15,"Junior",0,1,85,20,7,55,58,8,"one",10
"male",67,220,11,6,"Junior",6,2,104,5,6,42,44,4,"none",3
"female",64,177,8.5,4,"Junior",0,1,90,65,6,38,49,9,"few",50
"female",62,119,6,20,"Sophomore",1,2,60,40,8,54,53,3,"few",40
"female",69,150,8,10,"Sophomore",3,2,80,60,6.5,42,44,8,"millions",50
"female",65,150,8.5,10,"Sophomore",1,6,30,1000,6,42,53,5,"one",50
"female",68,140,9,25,"Freshman",3,2,105,40,6,50,45,7,"few",50
"male",75,175,11,1,"Sophomore",0,4,135,0,7,46,57,3,"one",90
"male",72,150,11.5,4,"Senior",1,2,90,10,5,54,54,6,"thousands",0
"female",64,127,8,11,"Junior",0,1,90,80,6.5,47,55,7,"few",40
"female",63,125,7,35,"Sophomore",5,2,90,40,8,52,57,6,"few",50
"male",69,186,10,5,"Sophomore",5,3,80,50,7.5,65,65,5,"dozens",30
"male",73,215,11,8,"Sophomore",5,1,90,130,7.5,44,51,6,"one",30
"male",71,160,10.5,6,"Sophomore",0,2,80,60,8.5,49,55,3,"few",50
"female",64,141,8.5,11,"Freshman",0,1,85,40,7.5,52,53,6,"few",20
"female",64,125,7,15,"Senior",2,3,125,3,7,49,54,2,"few",25
"female",70,140,10,12,"Sophomore",0,2,90,10,7.5,53,53,2,"few",100
"male",74,240,12,6,"Junior",2,2,100,24,6.5,51,52,3,"few",75
"male",71,185,10.5,7,"Sophomore",1,2,122,45,6.5,55,56,3,"few",70
"female",72,236,11,25,"Junior",8,0,104,12,7,44,52,7,"one",75
"female",62,140,8,5,"Junior",3,1,75,30,5.5,50,52,3,"few",50
"male",72,169,10,17,"Sophomore",0,1,122,1000,4,55,53,8,"few",14
"male",73,295,12,5,"Sophomore",4,1,100,50,7,50,50,5,"few",69
"female",69,126,8,17,"Sophomore",2,2,90,0,8,50,54,7,"one",10
"female",62,110,6.5,17,"Freshman",1,2,110,35,7,53,54,2,"thousands",65
"male",75,190,13,7,"Junior",2,1,90,12,7,52,54,9,"millions",100
"female",61,125,7.5,30,"Senior",2,0,105,20,7.5,60,63,2,"few",75
"female",63,127,7,15,"Sophomore",7,2,100,300,7.5,50,52,3,"one",75
"male",67,261,10.5,4,"Sophomore",10,2,94,0,7,45,47,7,"dozens",50
"female",63,99,7.5,16,"Sophomore",0,1,56,102,6.5,41,48,4,"millions",20
"male",72,160,11,8,"Sophomore",0,3,93,17,7.5,52,55,3,"few",50
"female",64,115,8.5,7,"Sophomore",1,3,100,20,6,43,47,9,"dozens",75
"male",68,140,9.5,3,"Sophomore",0,1,80,30,8,47,50,7,"one",50
"female",65,180,9,30,"Sophomore",1,4,90,0,6,53,53,4,"one",100
"female",67,160,9,20,"Sophomore",1,3,90,5,7,56,57,4,"dozens",50
"male",72,155,12,5,"Freshman",1,2,100,12,7,47,55,7,"few",75
"female",65,113,8,12,"Junior",1,1,50,18,8,51,51,7,"one",0
"female",64,145,7.5,9,"Junior",3,1,80,18,8,51,53,2,"none",70
"female",67,125,8,8,"Sophomore",0,3,60,20,8.5,51,53,8,"few",50
"male",73,175,10.5,8,"Sophomore",0,4,125,300,8,46,43,6,"few",25
"female",66,140,9.5,20,"Sophomore",3,1,80,8,9,44,45,6,"few",66
"male",68,150,9.5,45,"Sophomore",0,0,80,200,8,50,51,1,"few",20
"female",66,136,7.5,25,"Sophomore",30,1,138,0,8,43,49,7,"few",100
"male",68,132,9.5,7,"Sophomore",0,1,100,20,7.5,49,50,3,"thousands",50
"female",63,117,7.5,8,"Sophomore",1,3,85,200,7.5,48,52,3,"few",75
"male",74,170,12,10,"Sophomore",1,2,104,5,6,45,46,4,"one",100
"female",60,121,5.5,16,"Sophomore",5,0,90,65,8,54,56,7,"hundreds",100
"male",72,162,13,7,"Junior",6,1,155,100,5.5,48,55,8,"one",100
"male",69,191,10.5,6,"Sophomore",1,1,100,50,7,46,47,7,"millions",50
"female",63,125,7.5,15,"Sophomore",6,4,85,5,8,41,47,9,"few",75
"female",64,137,8,6,"Sophomore",1,1,80,60,7.5,48,48,7,"dozens",50
"female",68,138,8,20,"Sophomore",0,8,50,5,6,54,65,9,"one",5
"female",60,115,8,20,"Sophomore",2,1,110,42,7,47,58,8,"dozens",30
"female",63,117,7.5,20,"Sophomore",0,2,80,30,8,49,50,7,"few",75
"female",64,120,7.5,15,"Sophomore",1,2,83,50,7,46,45,6,"few",60
"female",68,130,9,18,"Sophomore",1,2,105,140,7.5,45,55,4,"hundreds",50
"female",62,135,7,14,"Sophomore",0,1,40,8,7,50,57,7,"few",20
"female",67,125,9.5,15,"Sophomore",0,2,120,100,5.5,47,61,8,"few",100
"female",65,140,8,40,"Senior",3,1,100,100,7,54,55,5,"few",40
"female",63,102,6.5,13,"Sophomore",0,3,80,17,6,36,40,6,"few",60
"female",68,275,11,13,"Sophomore",1,1,75,4,7.5,49,51,10,"few",90
"female",69,168,10,10,"Junior",0,3,85,0,7.5,52,53,7,"one",100
"female",62,115,7,40,"Freshman",2,1,100,60,7,52,53,3,"thousands",100
"female",60,100,4,11,"Sophomore",0,1,120,0,6.5,45,50,5,"few",80
"female",68,141,8.5,23,"Freshman",2,1,87,86,6,53,49,9,"none",50
"female",62,130,7.5,25,"Senior",7,8,95,700,8,42,49,9,"millions",75
"female",61,122,8,10,"Sophomore",2,3,70,23,7,53,53,4,"few",100
"male",72,195,11.5,21,"Sophomore",3,0,90,0,7.5,40,38,6,"few",80
"female",63,127,7,20,"Sophomore",2,2,100,50,7,47,47,7,"one",40
"female",63,133,8,12,"Freshman",6,2,100,0,7,51,65,4,"dozens",25
"female",68,130,8.5,30,"Sophomore",1,2,90,30,8,49,52,8,"one",30
"female",61,123,7,20,"Sophomore",4,2,80,22,7,49,50,8,"few",50
"female",68,135,8.5,16,"Sophomore",0,1,80,8,9.5,50,47,1,"one",50
"female",65,120,8,45,"Sophomore",1,3,95,17,7.5,52,54,9,"few",50
"female",63,130,8,8,"Sophomore",0,3,85,21,5,43,56,4,"few",40
"female",66,136,7,25,"Sophomore",1,0,60,150,7,43,45,7,"few",5
"male",69,150,10,6,"Sophomore",18,2,91,0,6,46,57,9,"few",100
"female",63,135,8,60,"Junior",7,1,120,40,5,54,54,3,"few",100
"male",69,169,10,6,"Sophomore",2,0,80,0,9,45,47,6,"millions",75
"male",73,175,12,89,"Sophomore",3,4,100,1000,4,57,59,9,"thousands",50
"female",64,115,7.5,14,"Sophomore",0,1,90,41,7,52,53,8,"few",60
"female",63,115,7.5,30,"Sophomore",3,1,110,300,6.5,50,50,6,"few",75
"female",67,156,10,30,"Sophomore",6,2,90,0,6,44,44,9,"hundreds",80
"female",67,130,8,25,"Sophomore",1,3,90,100,8,53,53,4,"few",99
"male",73,190,12.5,3,"Sophomore",3,2,101,15,7,49,49,8,"few",25
"male",70,133,9.5,8,"Sophomore",0,1,96,15,7,49,50,4,"one",35
"female",67,140,8.5,23,"Sophomore",0,2,90,300,8.5,49,48,9,"few",50
"male",70,195,11,7,"Sophomore",0,1,110,35,10,45,45,7,"few",50
"male",73,165,11.5,2,"Senior",4,1,110,9,6,54,53,10,"thousands",100
"female",66,175,10,25,"Sophomore",1,3,98,45,7.5,58,60,7,"hundreds",68
"female",61,146,7.5,15,"Sophomore",0,2,50,2,6.5,47,53,4,"one",90
"female",64,100,6,20,"Sophomore",1,2,85,300,6,50,52,2,"one",99
"male",67,130,7.5,4,"Sophomore",0,1,100,12,6,51,51,1,"few",50
"female",68,168,9,15,"Sophomore",1,4,90,10,6,51,51,9,"few",50
"female",63,112,7.5,40,"Sophomore",0,1,93,120,8,43,48,4,"few",80
"female",66,165,9,30,"Freshman",3,2,50,2,7,48,47,7,"hundreds",50
"female",59,103,6,10,"Sophomore",2,2,90,51,8,52,52,6,"few",50
"female",66,145,7.5,20,"Sophomore",2,2,95,110,5.5,41,45,7,"few",20
"female",64,157,7.5,22,"Junior",1,3,100,0,7.5,46,48,7,"few",40
"female",60,108,6,20,"Freshman",2,1,100,20,7.5,45,50,2,"hundreds",80
"female",65,105,8,10,"Junior",3,3,90,0,5,52,62,8,"few",10
"female",61,135,8,40,"Sophomore",0,0,85,101,7,44,47,6,"few",35
"female",68,150,9,30,"Junior",3,4,100,1,7,43,45,4,"hundreds",100
"male",69,155,10.5,5,"Junior",1,1,100,35,7.5,47,50,7,"hundreds",30
"female",59,117,5,12,"Sophomore",9,2,40,20,9,43,49,9,"few",10
"female",67,130,9.5,18,"Sophomore",0,1,102,6,8.5,53,62,9,"few",40
"male",71,170,11,4,"Sophomore",2,1,115,23,7,52,51,5,"thousands",95
"female",62,111,6,16,"Junior",0,2,95,50,7,58,62,4,"few",65
"male",69,152,9.5,15,"Sophomore",0,1,105,25,8,52,53,10,"few",100
"male",75,210,12.5,8,"Sophomore",0,2,110,10,8,52,53,1,"one",10
"female",62,110,7,15,"Sophomore",30,1,90,30,8,53,55,8,"few",99
"female",67,124,8,30,"Freshman",3,3,85,85,7,53,53,3,"few",50
"male",69,128,8.5,6,"Sophomore",1,2,115,20,8,48,50,3,"dozens",30
"female",63,120,7.5,12,"Sophomore",2,3,90,0,6,47,56,4,"one",50
"female",66,135,8,30,"Sophomore",0,1,110,0,7,52,52,3,"one",50
"female",59,135,6.5,9,"Sophomore",6,4,85,3,6.5,38,38,3,"few",100
"female",62,148,7.5,53,"Junior",1,2,105,105,7,48,48,7,"few",50
"female",66,210,7,20,"Sophomore",2,2,100,20,8,54,55,7,"few",75
"female",64,165,9,10,"Freshman",3,1,90,30,7,54,54,9,"few",75
"female",67,130,8,40,"Sophomore",6,0,100,0,9,43,50,6,"one",100
"female",63,137,7.5,20,"Sophomore",0,2,45,11,7,41,46,4,"few",35
"female",70,180,11,10,"Freshman",3,2,75,8,7,51,54,5,"few",10
"female",64,130,8.5,20,"Sophomore",2,0,100,0,7,47,47,6,"few",50
"male",72,185,12,9,"Sophomore",7,1,104,11,8,54,65,7,"few",25
"female",68,205,10,50,"Junior",0,1,35,25,6.5,54,54,8,"few",95
"female",62,115,7.5,15,"Sophomore",4,2,120,120,6.5,42,45,7,"one",100
"female",62,150,9,9,"Sophomore",0,3,50,30,10,43,52,3,"few",75
"female",66,130,9.5,15,"Freshman",4,1,75,34,7,48,56,8,"few",95
"female",64,98,5.5,15,"Sophomore",1,2,80,60,8,49,51,9,"one",50
"female",63,116,8,7,"Sophomore",2,1,60,44,6,59,60,6,"millions",50
"female",65,157,7,35,"Sophomore",4,0,80,25,6,56,58,8,"few",25
"female",68,118,9,20,"Sophomore",3,2,92,15,7,47,47,8,"few",50
"female",64,124,7,14,"Sophomore",3,3,90,16,5.5,50,51,8,"few",100
"male",75,188,12.5,8,"Sophomore",1,2,90,22,7.5,47,51,3,"dozens",50
"female",64,123,8,30,"Sophomore",0,1,85,300,7,49,49,7,"few",30
"female",64,133,8,10,"Sophomore",5,0,105,200,7,52,52,2,"few",25
"female",64,180,9,20,"Junior",0,1,60,0,7,58,59,5,"few",40
"female",63,115,7.5,8,"Junior",2,2,100,12,7,46,45,3,"one",80
"female",64,140,8.5,10,"Sophomore",4,3,95,50,8,54,54,7,"few",60
"female",67,135,7.5,25,"Freshman",6,2,95,20,10,50,51,2,"few",100
"male",66,115,8.5,2,"Sophomore",1,2,90,20,7.5,54,54,6,"few",100
"female",60,125,6,20,"Sophomore",0,1,20,105,9,48,52,7,"dozens",20
"female",69,130,9.5,15,"Freshman",0,1,70,47,9,54,54,3,"few",80
"female",66,140,8.5,15,"Freshman",5,1,100,40,8.5,50,59,8,"one",50
"male",70,144,8.5,6,"Freshman",7,2,65,1,7,58,63,7,"none",50
"male",72,125,11,4,"Sophomore",3,4,90,22,8,52,54,7,"few",90
"male",67,165,10.5,6,"Junior",0,2,90,40,7,43,56,1,"few",70
"female",65,143,8,7,"Sophomore",2,2,90,40,8,49,49,1,"few",0
"female",64,148,9,3,"Sophomore",5,6,80,3,6,55,49,7,"few",100
"male",67,145,9,8,"Junior",0,1,97,24,7,60,65,8,"few",80
"female",62,112,6.5,22,"Sophomore",1,1,84,0,5,46,47,4,"few",10
"female",66,130,8.5,13,"Sophomore",2,1,60,42,6.5,44,50,6,"one",50
"female",66,140,8.5,10,"Sophomore",4,5,80,1,8.5,48,54,1,"few",100
"male",67,128,8,4,"Graduate",3,1,131,30,7,51,53,2,"few",60
"male",69,180,10.5,9,"Junior",0,5,84,12,4.5,36,45,3,"dozens",50
"female",65,168,7.5,7,"Junior",1,1,101,65,7,51,49,3,"few",40
"female",65,135,7,22,"Junior",3,2,120,100,6.5,45,45,2,"hundreds",0
"male",69,185,11.5,6,"Junior",5,2,110,32,7.5,56,58,3,"thousands",50
"female",66,142,8,5,"Freshman",7,2,90,30,7.5,50,49,4,"none",50
"female",63,119,6,15,"Sophomore",1,1,105,99,8.5,47,50,9,"one",50
"male",70,170,10.5,3,"Sophomore",0,4,60,150,8,53,58,7,"few",11
"female",60,107,6.5,7,"Sophomore",1,1,60,0,7,60,62,9,"few",100
"male",69,185,11,2,"Sophomore",0,3,130,31,7,47,48,2,"one",20
"male",69,170,11.5,8,"Sophomore",3,2,100,20,8,47,48,7,"thousands",100
"female",64,115,7.5,7,"Sophomore",0,3,85,20,6.5,49,53,2,"few",97
"female",66,130,8.5,20,"Sophomore",0,3,85,20,8,52,54,4,"few",100
"female",62,115,6.5,15,"Sophomore",2,5,90,0,8,47,60,3,"one",60
"female",65,120,8,11,"Sophomore",4,1,97,31,7,55,59,7,"few",55
"male",70,166,11.5,7,"Freshman",1,2,105,64,8.5,46,46,6,"few",10
"female",63,113,7.5,12,"Sophomore",0,1,25,5,5.5,51,53,4,"few",35
"female",67,120,8,20,"Sophomore",1,1,110,10,8.5,41,47,7,"one",25
"female",65,125,9,13,"Sophomore",4,3,90,18,7,36,36,3,"few",85
"male",73,178,12,14,"Sophomore",8,3,115,3,7.5,50,45,2,"one",100
"female",62,102,6.5,34,"Sophomore",3,2,91,35,6.5,51,55,2,"millions",75
"male",73,180,13,4,"Junior",1,0,100,80,7.5,50,60,5,"few",30
"male",69,160,10.5,7,"Sophomore",5,3,120,0,7,56,56,7,"few",50
"male",71,152,11,20,"Sophomore",0,0,100,64,5.5,40,45,3,"few",30
"female",69,142,9,30,"Junior",3,2,90,40,8,50,50,3,"hundreds",75
"female",60,95,7,5,"Sophomore",1,1,40,90,8,48,52,5,"few",50
"female",61,110,5.5,20,"Sophomore",0,1,100,60,8,47,48,2,"thousands",80
"female",66,247,9,28,"Sophomore",3,2,90,16,6,46,51,7,"few",50
"male",69,140,9.5,6,"Sophomore",1,3,89,50,7,44,46,4,"thousands",100
"female",66,134,8,9,"Junior",2,1,100,3,6,41,45,5,"few",30
"female",63,100,6.5,10,"Sophomore",0,0,40,63,7,50,49,3,"few",15
"male",75,200,12,6,"Sophomore",1,1,128,60,7,47,47,7,"millions",75
"female",63,143,9.5,20,"Sophomore",2,2,84,65,8,50,51,8,"few",70
"female",64,120,7,15,"Junior",7,3,100,0,6,50,58,7,"one",30
"male",74,155,13,3,"Sophomore",0,1,60,1,7,42,42,3,"one",100
"female",66,165,9,20,"Sophomore",1,2,90,200,6.5,43,44,7,"dozens",10
"male",71,155,11.5,12,"Sophomore",6,2,140,20,6,45,46,7,"dozens",30
"female",70,130,9.5,22,"Sophomore",0,5,130,30,5,52,54,7,"dozens",100
"female",54,120,9.5,28,"Sophomore",4,1,85,20,5.5,45,57,10,"few",80
"male",68,154,9,7,"Sophomore",1,1,100,0,7,45,50,4,"millions",60
"female",64,142,7.5,10,"Freshman",0,1,90,20,7,50,54,3,"dozens",90
"male",75,185,12,5,"Sophomore",3,3,100,0,6.5,58,59,3,"one",90
"female",63,110,6.5,11,"Sophomore",1,1,80,0,6.5,59,59,8,"few",35
"female",64,160,8,20,"Sophomore",1,1,75,60,7.5,52,50,10,"one",100
"female",65,115,8.5,15,"Sophomore",8,2,75,40,9,42,43,8,"one",50
"female",67,133,9,7,"Junior",0,0,60,20,7.5,45,45,8,"dozens",85
"female",60,110,7,10,"Sophomore",0,2,47,50,6.5,58,61,5,"few",10
"female",67,120,8,20,"Sophomore",4,0,80,20,6,54,55,3,"few",80
"female",64,119,7.5,17,"Sophomore",3,2,90,20,7,52,56,4,"one",90
"female",65,120,9,15,"Sophomore",0,1,85,200,7,43,51,5,"few",70
"male",71,170,12,7,"Sophomore",10,2,80,20,8,55,56,5,"dozens",25
"female",64,120,8.5,25,"Sophomore",1,1,105,25,7.5,46,55,7,"few",90
"male",70,163,9,10,"Sophomore",4,1,120,0,8,54,57,8,"one",100
"female",66,115,8.5,18,"Freshman",0,2,63,140,6,48,50,4,"few",25
"female",67,138,10,18,"Sophomore",0,0,80,40,8.5,48,48,4,"few",100
"female",61,124,7.5,13,"Sophomore",7,6,87,0,8,37,38,7,"one",30
"female",64,125,7,6,"Sophomore",0,1,80,20,6,54,55,1,"thousands",10
"female",67,120,9.5,12,"Sophomore",0,1,30,10,8,48,50,7,"few",30
"male",65,147,8.5,30,"Sophomore",0,3,110,140,7.5,52,53,10,"one",50
"male",67,140,9.5,5,"Sophomore",2,2,90,60,9,51,52,6,"one",1
"female",64,140,8.5,15,"Junior",4,3,112,22,8,61,65,4,"few",50
"female",65,126,8.5,19,"Junior",0,1,93,70,4.5,50,51,5,"one",90
"female",64,135,7,25,"Sophomore",5,0,95,150,7,49,47,7,"few",90
"female",64,130,7,36,"Sophomore",5,2,85,0,8,51,56,6,"one",50
"female",63,113,7.5,12,"Sophomore",3,2,100,10,9,54,59,9,"few",90
"female",62,125,8,9,"Sophomore",1,1,55,200,7,55,55,9,"dozens",13
"female",62,100,4,40,"Sophomore",3,4,80,30,6,58,60,5,"few",50
"male",67,135,9.5,7,"Freshman",0,1,65,150,6,46,48,7,"dozens",90
"female",64,132,9,12,"Senior",0,2,90,100,6,54,58,2,"few",98
"female",63,112,8,12,"Junior",5,1,120,10,4.5,51,51,5,"one",100
"male",71,120,9.5,2,"Sophomore",0,5,85,15,9,44,53,3,"few",75
"female",63,118,6.5,20,"Sophomore",2,2,85,0,10,49,51,8,"one",98
"male",72,150,11,8,"Sophomore",5,3,110,31,7,43,45,3,"one",80
"female",61,115,7,6,"Junior",0,1,60,59,8,52,56,7,"one",90
"male",66,140,9.5,3,"Sophomore",3,2,62,30,6,48,50,8,"few",10
"female",62,117,7.5,22,"Sophomore",2,1,85,42,8,51,51,2,"few",25
"female",69,184,10,12,"Sophomore",2,2,95,14,6.5,41,47,3,"dozens",60
"female",63,104,6.5,20,"Freshman",1,1,100,50,7,49,51,4,"one",50
"male",73,190,13,4,"Junior",0,2,145,9,6,53,53,7,"millions",50
"male",70,164,12,5,"Junior",2,3,100,0,7,57,65,2,"thousands",0
"female",68,155,10.5,20,"Sophomore",2,1,110,1,7,51,50,3,"one",75
"female",63,102,6.5,15,"Sophomore",10,2,101,30,6.5,59,59,6,"few",60
"male",73,205,12,4,"Junior",2,1,90,1,8,62,60,1,"thousands",60
"female",62,126,8.5,15,"Sophomore",3,1,82,66,7,50,52,7,"few",65
"male",70,160,10.5,5,"Junior",1,0,90,20,6.5,52,58,3,"hundreds",100
"female",65,148,9.5,20,"Sophomore",1,0,35,41,7,39,53,4,"few",95
"male",74,205,10.5,7,"Junior",0,3,72,1000,7,41,50,4,"millions",0
"female",64,130,8,20,"Sophomore",3,1,75,0,7,52,52,2,"few",80
"male",71,150,11,6,"Freshman",5,1,100,0,7,43,44,7,"hundreds",50
"female",68,145,10,35,"Sophomore",3,2,92,5,8,51,58,7,"few",70
"male",72,175,13,6,"Junior",2,2,30,11,7,59,64,8,"one",50
"male",71,140,10.5,5,"Sophomore",0,4,70,0,6,45,55,1,"few",50
"male",70,150,9.5,7,"Junior",3,1,100,65,6.5,57,62,5,"few",15
"female",63,112,6,7,"Sophomore",1,1,35,18,7.5,53,54,7,"few",100
"female",65,124,8.5,14,"Sophomore",0,0,40,7,6.5,35,44,6,"one",10
"male",71,140,9,15,"Sophomore",0,1,60,22,7,47,47,3,"few",80
"female",67,150,9.5,12,"Sophomore",4,0,103,19,9,53,53,10,"few",95
"male",74,184,13,4,"Sophomore",0,1,120,20,8,50,56,4,"dozens",75
"female",72,90,7.5,5,"Junior",0,1,30,10,7.5,54,53,1,"one",50
"female",67,200,10,6,"Senior",3,2,90,0,8,44,47,6,"one",40
"female",64,113,7,6,"Freshman",0,1,80,10,7,45,47,7,"few",20
"female",63,125,7,10,"Sophomore",0,1,60,30,8,41,44,8,"one",30
"female",68,102,10,35,"Senior",0,2,105,45,7,57,62,4,"dozens",35
"male",71,176,11,11,"Sophomore",0,1,100,1000,9,46,50,7,"hundreds",50
"female",62,115,6.5,20,"Sophomore",2,1,90,50,7.5,52,55,9,"one",50
"female",64,125,8,25,"Sophomore",3,2,90,0,7,45,45,5,"few",100
"male",72,300,13,4,"Junior",2,3,100,400,7.5,53,55,4,"one",100
"male",70,200,10.5,5,"Sophomore",3,2,155,38,6,50,52,5,"few",50
"female",64,145,7.5,25,"Sophomore",0,1,81,66,6.5,55,53,3,"few",100
"female",64,165,7.5,50,"Sophomore",5,4,100,4,8,47,47,3,"one",50
"female",67,135,8.5,8,"Freshman",4,2,115,0,7,48,51,10,"few",75
"female",65,130,9.5,26,"Junior",1,2,85,75,6.5,53,57,6,"few",67
"male",70,200,10.5,15,"Sophomore",4,3,95,1000,8,40,45,8,"few",10
"female",62,129,7.5,15,"Sophomore",0,3,97,22,7,42,55,3,"few",90
"female",68,130,7.5,15,"Junior",2,0,50,20,6.5,46,49,6,"few",80
"male",77,190,13,7,"Freshman",2,1,105,300,7,53,47,6,"dozens",0
"male",68,150,10,4,"Junior",6,1,85,0,8,47,55,4,"few",60
"female",61,98,6.5,26,"Sophomore",2,1,75,15,6.5,54,58,5,"few",95
"female",66,147,8.5,30,"Sophomore",1,2,97,65,6.5,49,51,3,"few",99
"male",68,135,8,5,"Sophomore",2,1,80,150,6,46,50,3,"one",25
"female",62,105,6.5,30,"Sophomore",0,2,110,80,8,53,51,9,"one",90
"female",64,135,8,30,"Sophomore",21,3,120,25,6,39,43,7,"few",50
"male",66,153,7.5,8,"Junior",2,2,85,45,6.5,59,59,3,"dozens",99
"male",68,154,10,10,"Sophomore",0,1,90,45,7.5,51,55,9,"few",15
"female",60,125,6.5,20,"Sophomore",0,3,20,150,7,56,58,3,"few",20
"female",62,113,6,35,"Junior",7,2,80,95,7,48,48,4,"millions",60
"female",62,105,8,11,"Senior",0,5,30,10,6.5,56,65,4,"few",20
"male",72,155,10.5,4,"Junior",0,2,20,69,6.5,55,57,7,"dozens",0
"female",61,117,6.5,15,"Sophomore",11,2,100,35,8,41,42,7,"few",30
"male",71,140,10,10,"Sophomore",4,2,100,50,7,46,50,6,"hundreds",50
"female",66,129,7,10,"Sophomore",1,3,30,20,7,55,60,4,"few",75
"male",71,170,10.5,7,"Senior",1,3,95,10,6.5,53,54,1,"one",50
"female",66,110,7.5,25,"Sophomore",3,2,80,0,7,53,54,4,"few",50
"female",60,106,5,20,"Sophomore",4,2,120,5,8,46,45,3,"one",50
"female",64,110,8,17,"Junior",3,3,90,40,8,58,59,7,"dozens",90
"female",65,156,10,20,"Sophomore",5,0,90,7,8.5,64,65,9,"few",80
"male",72,185,11,5,"Sophomore",3,2,100,55,7,53,52,8,"millions",75
"male",70,160,11,6,"Sophomore",0,1,110,200,8.5,43,53,4,"thousands",15
"female",67,109,8,15,"Junior",0,2,85,10,6.5,57,53,7,"few",50
"male",73,163,12,3,"Senior",2,3,110,10,6,45,43,5,"one",75
"female",70,190,10,5,"Sophomore",2,0,63,0,7,40,40,5,"one",50
"female",64,114,7.5,50,"Sophomore",1,2,110,500,7.5,48,54,7,"few",40
"male",72,168,11,4,"Freshman",1,1,90,30,7,56,58,6,"few",100
"male",69,160,11,10,"Junior",3,1,164,80,6.5,54,54,9,"few",40
"male",69,145,9.5,5,"Sophomore",0,1,105,24,7,46,50,9,"few",75
"female",65,110,6.5,9,"Junior",1,1,100,7,7,55,58,6,"few",50
"male",70,148,9.5,5,"Freshman",0,1,56,130,6.5,47,48,8,"few",10
"female",61,102,6.5,8,"Sophomore",1,1,90,150,6,48,63,4,"few",70
"female",63,140,8.5,30,"Freshman",3,2,100,45,6.5,56,62,7,"thousands",50
"male",70,190,12,4,"Sophomore",0,0,50,20,8,52,51,7,"none",50
"female",62,115,7,18,"Freshman",0,0,90,20,5.5,50,53,9,"few",40
"male",68,150,12,6,"Sophomore",2,2,111,31,6,46,47,4,"few",100
"male",68,180,10,13,"Freshman",2,2,120,35,6,44,40,9,"few",10
"female",62,126,6,10,"Sophomore",2,0,55,0,6,52,55,7,"few",100
"female",61,145,7,35,"Sophomore",1,1,135,27,6,56,60,5,"one",0
"female",67,170,10,40,"Sophomore",0,3,90,30,7,49,59,10,"one",10
"male",73,150,12,5,"Sophomore",4,2,100,0,7.5,63,61,4,"dozens",0
"female",65,160,9,8,"Sophomore",4,6,80,30,6,46,59,4,"one",60
"male",77,178,13.5,9,"Sophomore",12,3,115,0,8,53,60,4,"thousands",100
"female",62,149,7.5,4,"Senior",1,3,101,55,6,37,38,3,"dozens",40
"female",68,140,9,30,"Sophomore",0,1,90,150,6,54,54,9,"few",70
"female",66,115,8,25,"Sophomore",4,5,100,7,7,60,62,6,"few",65
"male",67,150,8.5,6,"Sophomore",3,2,90,50,6,55,55,1,"few",50
"female",66,145,8.5,20,"Sophomore",1,7,70,10,6.5,46,65,10,"one",75
"female",65,110,7.5,4,"Sophomore",1,7,62,200,9.5,40,50,7,"one",50
"female",63,161,6.5,4,"Senior",2,1,90,20,6.5,42,47,4,"few",50
"male",66,120,10.5,4,"Sophomore",2,0,80,1000,7.5,48,48,7,"few",90
"female",65,113,9,30,"Senior",25,3,95,16,7.5,47,48,10,"few",100
"male",72,205,12,4,"Senior",0,1,80,150,7.5,56,59,2,"one",100
"female",64,130,9,10,"Junior",3,3,90,20,6,49,52,8,"one",50
"female",69,133,9,24,"Freshman",0,1,100,20,8,51,53,3,"one",34
"male",72,154,13,6,"Junior",5,0,100,34,6.5,47,48,3,"one",50
"female",65,125,7.5,10,"Sophomore",0,1,90,100,7,47,49,5,"one",50
"female",71,136,9,30,"Sophomore",1,1,100,20,8,53,51,4,"one",75
"female",67,149,8.5,15,"Junior",4,2,90,6,7,48,52,8,"dozens",100
"male",71,200,12,3,"Freshman",2,2,90,90,7,42,46,7,"dozens",60
"female",63,160,7.5,15,"Sophomore",2,11,80,0,4,47,48,2,"one",75
"male",68,160,9.5,10,"Sophomore",3,3,50,20,8,36,39,2,"one",15
"female",62,260,8,7,"Sophomore",5,4,92,1000,7,49,51,8,"one",12
"male",71,144,9,5,"Sophomore",1,1,83,4,7,56,57,5,"few",10
"female",67,190,8,8,"Sophomore",2,0,80,200,6,48,52,6,"few",90
"female",61,105,6.5,15,"Sophomore",0,1,80,30,6.5,48,51,2,"one",50
"female",59,145,6,38,"Senior",1,2,58,20,6,51,60,3,"thousands",99
"female",65,145,7.5,20,"Sophomore",1,1,85,20,10,50,53,9,"few",50
"female",60,122,6,12,"Freshman",0,1,85,60,9,52,52,10,"few",50
"female",61,125,8.5,8,"Freshman",10,1,80,20,8,50,50,7,"one",0
"female",63,100,7.5,10,"Sophomore",0,1,65,3,6,47,43,7,"few",0
"female",64,130,7,20,"Senior",0,2,85,35,6,50,48,4,"few",75
"male",68,137,9.5,7,"Senior",8,1,107,130,7,43,43,3,"few",95
"male",70,175,11.5,4,"Sophomore",1,2,100,28,8.5,48,49,7,"dozens",75
"female",67,130,8.5,10,"Freshman",30,5,150,20,6,46,54,3,"one",50
"male",74,170,12,10,"Sophomore",5,2,105,33,6.5,53,52,7,"one",25
"male",75,170,13.5,15,"Sophomore",1,1,120,100,7.5,51,52,1,"few",50
"female",64,135,7.5,10,"Sophomore",4,3,110,13,7,55,60,4,"few",50
"female",62,140,8,8,"Freshman",2,4,70,5,6,36,38,6,"few",65
"female",64,144,7.5,35,"Sophomore",1,3,85,7,7.5,41,45,5,"few",40
"female",62,112,7,13,"Sophomore",0,1,90,70,7,50,48,8,"one",80
"female",61,100,6,6,"Sophomore",0,2,75,20,6,55,60,6,"few",50
"female",65,131,7,18,"Freshman",2,2,85,70,7.5,54,52,2,"few",44
"female",66,117,8,8,"Sophomore",5,1,90,0,7,48,52,2,"few",50
"female",64,108,6.5,20,"Sophomore",3,2,100,50,7.5,49,45,4,"one",100
"female",64,118,6.5,25,"Sophomore",1,1,95,6,9,60,63,5,"few",25
"female",64,113,6.5,33,"Sophomore",0,1,90,120,7,50,55,8,"one",30
"male",74,180,10.5,4,"Sophomore",10,2,110,13,8,47,49,8,"few",50
"female",64,130,9,11,"Freshman",0,2,60,15,6.5,59,59,9,"one",50
"female",62,105,6,8,"Freshman",4,1,80,35,6.5,55,53,7,"dozens",100
"male",78,150,9.5,5,"Senior",5,1,116,0,8,50,51,7,"one",50
"female",62,120,7.5,7,"Sophomore",0,4,85,90,7.5,46,48,6,"few",50
"male",66,162,10.5,5,"Sophomore",2,4,75,25,6.5,61,65,3,"few",100
"female",61,130,6,30,"Sophomore",2,2,85,10,9,49,52,4,"few",90
"male",71,154,10.5,15,"Sophomore",1,1,139,46,7,53,58,8,"hundreds",85
"female",67,130,10,15,"Junior",2,3,90,80,7,59,62,1,"few",90
"female",67,130,8,10,"Sophomore",1,2,95,35,9,53,56,3,"one",100
"female",68,155,9,50,"Freshman",0,2,95,45,5,46,50,10,"one",100
"female",69,201,9.5,21,"Sophomore",5,1,95,13,7,49,48,5,"few",70
"female",66,130,5,14,"Sophomore",6,4,75,44,6.5,40,44,6,"one",100
"female",60,115,6,20,"Junior",0,2,65,0,6.5,56,60,3,"one",50
"female",61,135,5.5,20,"Sophomore",2,1,90,200,8,45,47,3,"one",50
"female",65,226,8,29,"Senior",1,1,65,3,5,65,60,10,"few",100
"male",77,185,12,7,"Junior",4,2,140,100,6.5,47,51,7,"dozens",100
"male",70,177,10,6,"Junior",0,1,120,40,7.5,46,51,6,"hundreds",100
"female",61,115,8.5,12,"Freshman",6,1,80,5,8,50,57,7,"one",15
"male",71,172,9.5,13,"Sophomore",2,2,102,0,7,52,65,3,"millions",6
"male",71,175,10,7,"Junior",0,2,110,3,6,48,48,1,"few",50
"female",63,165,7.5,25,"Sophomore",4,4,75,5,7.5,58,55,5,"one",35
"female",69,154,8,10,"Sophomore",3,2,90,200,6,51,52,3,"few",40
"male",72,170,11.5,14,"Sophomore",1,3,105,0,6.5,49,49,8,"few",0
"male",70,150,10,5,"Sophomore",2,1,90,10,6,49,49,9,"one",40
"female",66,130,7.5,13,"Senior",3,1,90,20,6,60,59,4,"dozens",90
"female",67,121,10,10,"Sophomore",0,3,80,80,6,50,52,4,"few",50
"female",66,169,10,30,"Senior",0,7,95,44,6.5,46,44,7,"few",10
"female",69,133,9.5,14,"Junior",5,1,95,0,6.5,39,41,4,"one",95
"female",60,87,6,50,"Sophomore",1,4,100,40,7,51,52,3,"few",100
"female",63,133,7,28,"Sophomore",5,1,83,15,6,37,39,7,"one",100
"male",74,185,11.5,9,"Freshman",3,2,83,1,6.5,53,62,6,"one",98
"female",65,116,8.5,45,"Sophomore",0,2,130,300,7,46,52,5,"millions",10
"female",68,135,9,8,"Sophomore",9,6,86,8,9,46,46,8,"one",100
"female",64,116,7.5,20,"Sophomore",0,2,60,10,6,55,58,5,"one",60
"female",62,128,8,8,"Sophomore",6,1,100,11,7.5,45,46,5,"one",53
"female",59,115,7,21,"Freshman",4,5,80,30,7,48,48,7,"few",10
"female",63,125,6.5,11,"Sophomore",7,3,85,0,8,49,50,8,"few",75
"male",70,240,11,5,"Senior",5,3,113,10,7.5,46,48,8,"one",20
"female",65,145,8,40,"Junior",0,3,80,10,6.5,54,65,8,"hundreds",45
"male",73,194,10.5,10,"Sophomore",1,4,100,0,6.5,60,61,4,"hundreds",95
"male",70,162,10.5,10,"Sophomore",1,3,103,20,9.5,51,55,7,"dozens",10
"female",67,163,10.5,4,"Senior",8,2,64,3,5,46,47,4,"one",92
"female",67,160,7,10,"Sophomore",7,5,110,5,7,49,52,7,"few",50
"female",64,160,9,50,"Junior",1,4,100,0,8,40,40,3,"few",50
"female",63,110,8,12,"Sophomore",1,5,80,500,9,39,52,3,"few",25
"female",67,125,7.5,16,"Sophomore",2,1,90,11,6,52,50,8,"few",50
"male",73,160,11.5,4,"Sophomore",0,2,70,7,8,43,46,2,"few",20
"male",68,155,10.5,6,"Sophomore",4,2,98,14,6.5,48,47,2,"thousands",15
"male",67,140,9.5,5,"Sophomore",0,1,90,0,8,46,47,8,"none",2
"female",70,140,9.5,25,"Sophomore",1,1,90,70,7,50,51,8,"dozens",100
"female",64,134,7.5,14,"Freshman",10,2,90,300,8.5,59,65,8,"dozens",80
"male",69,155,10.5,3,"Junior",5,3,105,120,7,49,48,8,"hundreds",100
"female",59,154,4.5,4,"Sophomore",3,6,80,900,8,38,48,6,"one",30
"male",73,200,11,3,"Sophomore",4,2,95,20,7.5,49,46,4,"hundreds",75
"female",63,145,9.5,15,"Junior",1,3,90,2,7,64,64,6,"few",10
"male",75,203,13,15,"Sophomore",1,2,100,100,6.5,54,55,4,"dozens",100
"female",60,127,7.5,17,"Sophomore",2,1,93,2,7.5,52,54,7,"few",55
"female",63,105,7,14,"Sophomore",5,3,65,0,7,44,46,7,"one",70
"male",76,172,10,7,"Junior",3,3,110,5,5,51,50,1,"few",100
"female",66,135,8,20,"Sophomore",5,2,90,40,6,52,53,7,"few",80
"male",71,240,12,1,"Junior",0,3,85,86,8,48,50,6,"one",75
"female",65,165,9.5,16,"Sophomore",0,1,80,61,7,41,40,3,"one",25
"male",72,300,14,4,"Sophomore",7,1,100,56,6.5,50,57,7,"dozens",100
"female",67,151,9.5,23,"Junior",2,2,84,42,7,59,63,8,"few",90
"female",63,114,7,12,"Sophomore",0,1,80,49,5.5,47,57,4,"one",75
"female",62,116,7.5,12,"Sophomore",0,1,80,45,6,47,50,2,"few",90
"male",68,215,9.5,5,"Sophomore",7,3,90,20,7.5,48,51,4,"one",90
"female",70,165,9,20,"Sophomore",3,2,65,0,8.5,40,49,7,"dozens",100
"male",69,170,11.5,3,"Junior",2,3,100,62,8,53,53,2,"thousands",25
"female",64,140,8.5,43,"Sophomore",4,1,100,0,9,46,47,2,"one",50
"male",73,225,13,3,"Sophomore",1,0,120,80,7.5,63,60,8,"dozens",10
"female",69,130,10,18,"Sophomore",0,3,92,150,8.5,59,63,5,"dozens",50
"female",65,110,7.5,10,"Sophomore",1,2,70,9,6.5,41,44,5,"few",100
"female",69,128,8,8,"Junior",7,4,100,11,7,53,54,3,"few",80
"female",67,130,8.5,10,"Sophomore",5,2,80,60,6,49,48,6,"few",60
"male",70,195,11,3,"Sophomore",2,3,140,35,7.5,55,57,3,"thousands",25
"male",66,115,9,6,"Freshman",3,3,89,22,8,51,55,8,"thousands",99
"female",61,100,6.5,20,"Sophomore",5,2,95,25,8,50,53,8,"one",6
"female",63,96,6.5,15,"Sophomore",11,1,60,500,8.5,48,50,7,"few",10
"male",69,165,9.5,5,"Senior",13,3,120,105,6,49,52,10,"dozens",50
"female",68,233,11,8,"Junior",0,3,95,2,5.5,36,37,4,"few",40
"male",73,190,12,9,"Freshman",6,1,105,87,8.5,48,49,10,"dozens",100
"male",74,170,13,6,"Sophomore",0,2,80,50,6,54,53,2,"thousands",80
"female",62,120,7,26,"Freshman",11,1,120,51,7.5,52,53,6,"dozens",100
"male",71,180,9.5,10,"Senior",0,1,120,9,6,53,62,1,"millions",0
"female",60,145,6,15,"Senior",1,4,100,0,7,55,57,3,"one",75
"male",67,150,11,6,"Senior",4,7,125,0,7,44,55,7,"dozens",25
"female",62,111,6,5,"Sophomore",0,5,37,40,8.5,57,62,2,"one",90
"female",65,240,9.5,10,"Junior",0,4,85,2,6,40,36,7,"few",25
"male",72,177,11,6,"Sophomore",4,1,90,36,8,48,50,10,"hundreds",85
"female",63,127,6.5,15,"Sophomore",3,2,100,55,8,54,55,5,"one",100
"female",74,185,11,20,"Freshman",2,2,85,200,7,52,53,4,"few",50
"female",65,125,8,60,"Sophomore",4,1,85,6,7,55,65,5,"one",100
"male",70,132,8,6,"Sophomore",2,1,125,22,8,51,53,7,"one",85
"female",59,126,6.5,20,"Sophomore",2,12,85,0,7,35,38,3,"few",2
"female",67,205,10,20,"Senior",15,1,100,7,7,57,56,8,"few",20
"male",69,187,11.5,7,"Junior",0,2,92,20,6.5,47,50,6,"few",90
"female",67,212,9.5,11,"Senior",2,1,80,60,8.5,54,50,3,"few",100
"male",73,165,12,10,"Sophomore",1,2,100,20,7.5,56,57,5,"one",100
"male",77,215,13,5,"Sophomore",10,4,140,200,7.5,46,48,4,"few",10
"male",69,145,10,10,"Sophomore",2,2,95,2,9,51,53,4,"few",90
"male",72,165,12,12,"Senior",7,1,103,63,7,51,54,7,"one",100
"female",64,137,7.5,35,"Junior",5,2,90,70,6,46,52,2,"one",100
"female",60,95,6,12,"Sophomore",1,1,75,45,8,49,64,5,"dozens",75
"female",62,113,6.5,6,"Freshman",1,1,40,25,7.5,43,46,3,"few",75
"male",76,203,13,4,"Sophomore",3,2,126,20,6.5,49,54,3,"hundreds",25
"female",68,132,8,30,"Sophomore",1,1,90,200,7,54,55,5,"dozens",50
"female",69,140,8.5,32,"Sophomore",6,1,90,10,7,51,50,3,"few",50
"female",62,150,7,17,"Senior",0,2,100,50,6,46,47,7,"one",90
"female",63,114,7,20,"Sophomore",4,1,98,200,5.5,53,56,6,"one",95
"female",66,200,8.5,15,"Sophomore",2,1,90,15,7,48,49,8,"one",75
"female",64,110,8.5,23,"Sophomore",2,1,88,0,7,55,55,5,"one",99
"female",67,250,8.5,15,"Sophomore",6,2,56,13,6,44,44,4,"few",50
"male",66,140,9,25,"Sophomore",3,1,140,60,6,42,41,7,"hundreds",45
"male",72,153,12,10,"Junior",10,3,110,5,7,54,55,8,"one",75
"female",63,127,7.5,10,"Freshman",0,2,85,100,7,47,46,8,"few",10
"female",61,105,5,38,"Sophomore",1,1,95,8,7,50,52,7,"few",20
"female",68,260,10,21,"Sophomore",3,2,87,28,6.5,44,46,9,"few",65
"female",63,135,7,20,"Sophomore",1,3,105,2,8,35,36,6,"one",20
"female",60,105,6.5,8,"Sophomore",12,2,65,50,7,46,45,5,"few",100
"female",64,110,7,13,"Sophomore",1,2,85,300,7,45,51,8,"few",90
"female",66,190,9.5,10,"Junior",0,2,90,4,7,40,47,6,"one",100
"male",63,123,7,4,"Sophomore",7,1,65,49,9,53,55,3,"one",100
"female",62,120,7,20,"Freshman",4,2,90,100,7,48,51,7,"few",80
"male",76,180,11.5,4,"Sophomore",3,1,135,0,7.5,55,62,3,"few",50
"male",71,220,12.5,8,"Senior",5,1,120,95,7,42,43,2,"few",20
"female",61,145,5.5,12,"Sophomore",2,1,100,100,8,45,51,3,"few",100
"male",69,147,10.5,8,"Junior",1,3,120,60,8,51,50,4,"one",90
"female",66,120,9.5,38,"Junior",5,1,85,20,6,51,50,6,"dozens",100
"female",64,136,7,10,"Senior",3,1,90,20,7,51,56,7,"dozens",100
"female",63,130,7,13,"Freshman",19,4,30,5,6.5,38,38,3,"one",80
"female",68,136,8.5,18,"Sophomore",1,1,98,0,6.5,43,53,7,"few",100
"male",70,200,11,5,"Sophomore",3,2,115,6,6,55,55,8,"few",70
"male",69,150,11,5,"Sophomore",0,1,120,40,8.5,41,42,4,"dozens",10
"female",62,115,7,12,"Junior",6,6,60,1000,7.5,52,54,6,"few",15
"male",71,175,10,2,"Sophomore",3,3,97,9,9.5,52,53,2,"dozens",50
"female",64,127,7,20,"Junior",2,1,90,7,6,47,47,2,"few",10
"male",72,146,11.5,7,"Senior",2,2,80,26,8,48,49,10,"one",0
"male",64,155,9,3,"Sophomore",1,3,85,100,8,49,52,4,"one",50
"female",67,145,9,22,"Sophomore",1,4,90,0,7,50,55,4,"few",75
"female",64,130,9,20,"Freshman",4,1,101,10,8,57,58,3,"one",90
"male",72,188,11.5,7,"Sophomore",5,4,83,40,9,59,62,7,"few",50
"female",65,130,7.5,30,"Sophomore",3,1,110,120,6.5,57,57,9,"one",75
"female",67,130,8.5,20,"Sophomore",4,2,94,20,6,48,50,7,"few",75
"female",66,140,10,30,"Sophomore",1,4,70,0,8,47,49,8,"few",100
"female",62,110,7.5,10,"Sophomore",2,2,90,40,6.5,60,59,10,"few",50
"female",61,128,6.5,12,"Sophomore",0,10,70,0,8,49,52,8,"one",50
"female",60,100,7.5,25,"Junior",4,1,95,15,6,46,48,4,"few",50
"female",66,129,8.5,10,"Sophomore",7,3,85,88,7,51,51,10,"few",100
"male",72,200,11,3,"Sophomore",0,1,110,20,8,56,56,1,"millions",95
"female",65,121,9.5,10,"Sophomore",0,1,80,100,7,49,50,5,"few",80
"female",68,133,8.5,20,"Sophomore",1,2,80,15,8,49,53,2,"one",50
"male",66,140,9,13,"Sophomore",3,2,110,0,7,50,56,4,"few",100
"female",62,127,7,8,"Junior",0,4,110,0,7,37,40,6,"few",100
"male",73,180,12,5,"Senior",3,1,92,2,6.5,55,56,10,"hundreds",0
"male",70,155,10.5,5,"Junior",1,1,120,400,9,54,51,7,"dozens",100
"female",70,146,8,25,"Freshman",1,2,90,15,6.5,52,55,9,"dozens",50
"female",63,116,7.5,15,"Sophomore",1,3,80,25,8,46,48,7,"dozens",40
"male",71,168,10,15,"Sophomore",0,2,100,0,6,48,48,8,"hundreds",50
"female",67,150,8,50,"Freshman",3,2,110,50,7,51,53,3,"one",25
"female",67,150,10,18,"Sophomore",8,2,75,20,7,51,51,9,"few",80
"female",62,107,6,10,"Sophomore",1,2,80,5,8,50,56,2,"few",55
"female",63,120,6.5,15,"Sophomore",1,2,99,4,7,48,47,7,"few",75
"female",71,175,10,30,"Freshman",3,3,80,45,8,52,53,2,"dozens",25
"female",68,130,11,20,"Sophomore",0,2,90,16,6,49,50,8,"few",100
"male",70,190,10,3,"Senior",9,3,110,45,6,48,47,1,"millions",10
"female",64,115,6,10,"Sophomore",0,2,45,0,6.5,54,52,3,"one",90
"male",74,220,12.5,8,"Sophomore",0,2,100,0,7,49,58,8,"hundreds",51
"male",69,218,11,4,"Sophomore",1,2,85,0,7.5,44,43,3,"one",50
"male",67,126,6.5,5,"Junior",3,4,110,600,8,54,54,1,"hundreds",10
"male",68,155,10.5,16,"Sophomore",1,2,112,100,6,52,56,3,"few",40
"male",69,163,10,20,"Sophomore",5,2,120,80,8,47,46,8,"dozens",25
"female",64,125,7.5,20,"Sophomore",0,2,80,14,6.5,51,57,4,"one",100
"female",60,130,7.5,5,"Junior",15,6,115,37,6,37,38,7,"few",97
"male",71,165,11,10,"Sophomore",7,2,22,0,7,49,53,1,"few",100
"female",64,139,7.5,13,"Sophomore",1,4,60,34,7,58,61,7,"few",97
"female",61,115,8,20,"Sophomore",1,2,90,5,7,46,47,4,"one",80
"female",64,217,9,16,"Sophomore",2,5,80,80,6.5,41,39,3,"few",50
"male",70,157,13.5,2,"Senior",0,1,97,25,6.5,43,50,7,"few",50
"female",67,180,9.5,25,"Junior",5,3,100,10,5.5,50,46,7,"thousands",100
"female",66,126,7,58,"Junior",2,1,110,60,7,52,54,10,"few",10
"female",65,145,7.5,15,"Sophomore",30,2,107,0,7,48,55,7,"hundreds",97
"female",63,190,8.5,26,"Senior",2,1,60,200,6,46,39,6,"few",50
"female",68,140,10,5,"Junior",3,1,65,60,7,56,57,7,"hundreds",99
"male",74,155,12,8,"Sophomore",0,1,100,51,8,47,49,7,"dozens",50
"female",67,140,7.5,8,"Senior",3,7,80,70,7,65,65,7,"hundreds",100
"female",62,125,7,10,"Junior",0,1,100,22,8,58,65,2,"few",80
"male",66,84,10,5,"Sophomore",11,0,33,18,6,47,47,4,"few",25
"female",62,150,9,14,"Sophomore",1,5,75,3,7,52,53,9,"few",30
"female",67,148,8.5,30,"Sophomore",3,1,100,4,7.5,49,46,5,"one",50
"female",67,180,8.5,25,"Junior",10,4,95,15,7.5,48,57,8,"dozens",90
"female",65,130,10,14,"Sophomore",1,3,95,50,7,50,60,3,"dozens",100
"female",59,120,5,20,"Junior",0,1,200,40,6,55,50,10,"one",50
"female",66,125,8.5,14,"Freshman",0,3,95,30,6.5,58,58,3,"few",85
"male",70,155,11,3,"Junior",0,1,100,80,7.5,47,51,8,"one",90
"male",70,213,12.5,5,"Sophomore",6,1,85,1,6.5,51,53,7,"thousands",100
"female",64,160,8,25,"Sophomore",2,3,92,15,8,42,39,7,"few",35
"female",63,138,7.5,10,"Senior",2,2,96,4,7,51,56,1,"few",94
"female",63,150,4.5,10,"Sophomore",8,6,70,1000,8.5,43,42,7,"one",10
"male",70,186,11,3,"Sophomore",7,4,124,0,7,49,57,10,"one",20
"female",66,153,9,10,"Sophomore",2,12,120,20,8,43,45,7,"few",50
"male",65,142,9,9,"Sophomore",1,2,110,43,7.5,60,58,7,"few",25
"male",71,152,8,4,"Freshman",2,2,100,106,6.5,56,58,7,"few",50
"male",70,175,11,5,"Sophomore",4,1,105,1000,8,47,50,8,"hundreds",0
"female",68,150,9.5,34,"Junior",5,2,94,3,7,50,51,1,"one",100
"male",72,185,12,6,"Sophomore",1,4,66,5,7,38,39,3,"few",30
"male",69,185,10.5,7,"Sophomore",7,0,105,27,7,44,50,9,"one",50
"female",70,160,9.5,50,"Sophomore",4,1,88,50,7.5,53,55,6,"dozens",80
"male",71,170,10.5,6,"Junior",6,1,115,150,7.5,51,48,8,"dozens",99
"male",74,85,9,4,"Sophomore",0,1,20,10,6,52,57,2,"dozens",1
"female",65,110,6.5,12,"Sophomore",0,1,90,22,7,48,50,8,"few",90
"female",66,120,9,25,"Freshman",9,2,102,15,7.5,42,44,7,"few",10
"female",63,120,7,25,"Sophomore",2,3,120,30,9,55,57,3,"few",85
"female",62,135,5.5,13,"Sophomore",0,2,55,8,8.5,45,49,3,"few",90
"male",68,135,9,6,"Sophomore",1,1,23,2,6,40,38,3,"one",2
"female",64,119,6.5,25,"Sophomore",0,0,40,1,8,45,49,8,"few",15
"male",75,160,11,10,"Senior",4,2,63,68,7,48,54,2,"dozens",100
"male",69,260,10,7,"Senior",1,1,110,50,7.5,53,56,4,"few",60
"female",61,105,5,12,"Sophomore",1,0,95,13,8,47,46,8,"dozens",15
"female",65,110,7,15,"Sophomore",0,0,85,65,6.5,49,54,5,"one",60
"female",65,143,8,15,"Sophomore",4,2,100,24,9,43,44,7,"few",50
"male",75,180,12.5,10,"Sophomore",3,1,90,24,8,46,52,5,"dozens",50
"male",75,250,13,4,"Sophomore",1,1,120,25,7,45,47,4,"few",50
"female",66,129,8.5,15,"Sophomore",2,1,90,10,6.5,48,50,7,"few",50
"male",71,145,12,3,"Sophomore",0,2,80,30,7,52,62,3,"one",40
"female",60,100,5.5,22,"Sophomore",1,10,50,2,6,52,48,8,"one",100
"male",65,118,9.5,3,"Sophomore",0,1,85,30,6,43,48,7,"few",30
"female",67,120,8,17,"Junior",1,2,85,24,6,51,51,6,"few",33
"female",67,145,9,9,"Junior",2,3,98,20,7.5,49,48,5,"thousands",89
"female",63,120,6.5,50,"Sophomore",3,2,100,60,8,51,53,5,"few",75
"female",65,150,8,14,"Sophomore",7,1,75,100,7,42,42,7,"one",60
"female",67,160,10.5,20,"Junior",0,2,100,5,6,56,54,5,"few",50
"female",66,220,9,30,"Sophomore",3,3,70,34,6.5,57,58,5,"one",90
"female",64,114,7.5,15,"Freshman",6,2,85,103,7,52,54,3,"one",60
"male",70,175,10.5,6,"Sophomore",1,3,90,10,7,56,56,4,"few",50
"male",70,200,11.5,4,"Sophomore",3,3,90,150,8,47,47,4,"few",50
"female",62,125,7.5,5,"Senior",3,1,90,20,8,57,56,5,"few",90
"female",62,157,8,40,"Sophomore",5,1,93,66,8.5,49,51,1,"few",80
"female",64,115,7,20,"Freshman",2,2,105,0,7,54,54,4,"hundreds",100
"female",63,115,6,22,"Sophomore",5,1,85,31,8,52,52,2,"few",100
"female",60,147,7,20,"Junior",4,7,70,0,7,51,60,2,"few",90
"male",71,160,10.5,8,"Senior",2,1,85,2,8.5,52,55,8,"hundreds",100
"male",74,195,14,7,"Sophomore",4,2,45,400,8,47,51,6,"few",0
"female",66,128,7,30,"Sophomore",4,2,90,0,7.5,49,56,3,"few",100
"male",77,147,6.5,7,"Junior",0,1,70,1000,9,49,51,1,"hundreds",32
"male",68,120,9,3,"Junior",7,3,100,89,7.5,56,58,3,"one",100
"female",61,103,6,12,"Sophomore",8,5,77,2,7,46,53,7,"few",40
"female",65,107,6,6,"Sophomore",2,1,40,100,7.5,45,50,2,"few",100
"female",67,180,10,30,"Sophomore",1,1,120,1,8,61,65,4,"few",100
"male",69,175,10.5,4,"Senior",2,2,80,6,7,48,52,4,"hundreds",80
"female",62,110,7,16,"Junior",3,3,95,14,6.5,46,46,4,"one",75
"female",62,115,7.5,30,"Sophomore",5,3,95,60,7,50,49,2,"dozens",50
"male",69,170,12,21,"Sophomore",5,1,90,0,9,46,48,3,"dozens",25
"female",65,135,8,5,"Sophomore",0,2,70,14,6.5,42,46,7,"few",80
"male",68,198,10.5,6,"Junior",4,1,95,10,8,46,46,3,"hundreds",100
"male",69,125,11,4,"Freshman",0,2,90,30,7.5,53,58,7,"one",50
"female",64,125,7,26,"Sophomore",1,1,90,40,6.5,52,53,7,"few",50
"female",64,140,7.5,20,"Freshman",3,3,100,70,8,48,47,2,"few",80
"female",65,155,8,13,"Junior",4,2,100,0,7.5,53,55,10,"few",50
"female",61,117,7,12,"Sophomore",3,1,40,10,9,41,45,8,"one",80
"male",74,262,13,3,"Sophomore",4,4,150,2,6,39,38,3,"none",20
"male",77,210,14,10,"Junior",3,1,95,35,8,54,54,2,"one",100
"female",67,152,8,20,"Sophomore",3,1,85,20,7,54,53,7,"few",20
"female",69,135,8,20,"Sophomore",0,1,95,12,8.5,53,55,4,"one",70
"female",64,137,10,12,"Sophomore",7,4,70,110,6,45,48,8,"one",20
"female",66,145,7.5,9,"Sophomore",11,12,120,400,7.5,43,45,7,"one",100
"female",64,170,8.5,14,"Sophomore",2,0,95,2,7,51,53,8,"dozens",90
"female",66,145,9,20,"Sophomore",16,0,130,23,5,59,65,7,"dozens",50
"female",68,188,10,20,"Sophomore",0,2,80,10,9,54,61,3,"few",50
"male",67,140,10,3,"Freshman",1,0,90,120,7,55,58,3,"one",100
"female",64,116,7,37,"Freshman",3,6,109,40,8.5,48,61,1,"thousands",0
"male",64,140,7,20,"Sophomore",1,2,104,40,6.5,54,54,9,"few",20
"female",64,125,6.5,50,"Sophomore",2,1,65,300,7,50,49,7,"few",50
"female",61,118,7.5,9,"Sophomore",0,4,85,150,5,51,51,3,"one",50
"male",80,212,14.5,3,"Junior",3,1,90,140,6,49,50,6,"dozens",50
"female",68,197,11,12,"Freshman",2,2,85,200,6.5,50,53,7,"few",90
"female",62,137,7.5,7,"Sophomore",0,2,55,40,7,45,51,9,"one",50
"female",68,155,9,15,"Junior",1,1,83,0,7.5,50,51,3,"few",95
"female",67,135,8,40,"Freshman",4,2,100,20,7,52,53,5,"few",75
"female",62,140,7.5,8,"Sophomore",2,2,90,40,7,54,55,8,"hundreds",55
"male",71,130,11.5,4,"Junior",4,3,80,20,7,39,37,3,"few",10
"female",66,132,6.5,50,"Sophomore",4,2,95,8,6,39,41,2,"one",10
"female",67,145,8.5,20,"Sophomore",2,2,95,500,7,49,51,2,"few",10
"female",62,130,7.5,45,"Sophomore",1,1,65,20,7,47,49,4,"few",50
"female",65,132,9,10,"Sophomore",0,1,90,18,7,43,45,4,"one",75
"male",64,140,9,8,"Senior",2,0,120,1000,9,44,43,5,"few",37
"female",64,126,7.5,20,"Sophomore",2,2,90,5,6,37,37,5,"one",50
"female",67,140,7,10,"Sophomore",16,6,85,11,6.5,56,57,2,"one",100
"female",63,118,6,25,"Junior",15,2,90,40,8,46,46,2,"one",50
"female",67,115,8,6,"Freshman",0,4,70,50,6,44,46,2,"none",90
"male",69,145,9.5,6,"Sophomore",0,1,100,15,8,60,61,7,"one",50
"female",62,116,6,18,"Sophomore",2,1,120,140,6,52,57,4,"one",50
"female",64,83,4.5,4,"Junior",3,5,24,4,7,43,40,4,"few",2
"male",70,170,10,2,"Sophomore",4,4,91,100,6,45,49,3,"one",100
"male",67,165,9,7,"Junior",0,1,112,12,7.5,44,55,6,"millions",50
"male",76,178,12,3,"Sophomore",1,2,125,1,8,55,60,10,"dozens",25
"male",66,140,8,4,"Sophomore",0,1,60,40,7,51,52,7,"few",50
"female",69,150,10,12,"Junior",3,2,80,10,7,42,44,6,"few",95
"male",74,205,13,6,"Freshman",2,8,120,1,8.5,58,59,3,"one",70
"female",64,125,9,48,"Sophomore",0,3,80,300,7.5,53,60,7,"one",95
"male",68,172,11.5,4,"Sophomore",4,0,26,0,7,37,41,4,"one",35
"female",65,110,7,12,"Sophomore",1,1,65,14,7,49,51,9,"few",50
"female",63,130,7,20,"Sophomore",2,1,35,13,8,51,56,4,"dozens",50
"male",70,146,10,6,"Sophomore",1,3,92,100,6.5,50,53,6,"hundreds",20
"female",67,127,9,25,"Sophomore",2,1,85,105,8,47,46,4,"few",50
"female",64,125,7.5,30,"Sophomore",1,0,80,6,7.5,50,51,5,"few",40
"female",66,158,9.5,18,"Sophomore",3,2,90,35,8,54,55,7,"few",100
"female",69,153,10,30,"Sophomore",0,2,90,400,7,43,43,10,"few",80
"female",68,125,8.5,28,"Sophomore",0,2,85,11,7,44,49,6,"thousands",0
"female",65,125,8.5,15,"Sophomore",1,2,82,20,9,55,55,3,"one",10
"female",65,118,8,20,"Sophomore",3,1,90,500,7,53,56,4,"few",25
"female",59,100,7,25,"Junior",1,2,92,50,8,53,55,7,"few",50
"male",71,150,11,4,"Sophomore",0,1,90,0,7,50,52,3,"few",100
"male",72,138,10,12,"Sophomore",0,2,100,22,8,53,57,7,"few",50
"female",64,138,8,15,"Sophomore",3,1,95,35,7,45,43,7,"one",30
"male",72,170,12,8,"Sophomore",2,2,100,35,6.5,48,52,7,"few",50
"female",69,145,9,20,"Sophomore",2,2,75,62,8,59,60,3,"few",75
"female",64,130,6.5,20,"Graduate",0,2,85,20,8.5,50,58,2,"few",50
"female",62,102,7,25,"Freshman",1,2,80,10,7,45,45,6,"few",50
"female",61,116,7,7,"Sophomore",1,3,150,7,8,39,42,3,"one",100
"female",72,165,10,15,"Sophomore",0,4,90,0,6.5,49,50,3,"few",50
"female",72,173,11,27,"Sophomore",1,1,130,34,6,54,54,1,"few",100
"female",67,145,9.5,15,"Sophomore",11,2,95,200,7,61,61,6,"few",40
"female",67,135,8.5,32,"Freshman",5,3,91,105,8,56,61,5,"hundreds",7
"female",65,130,7,20,"Sophomore",3,2,100,0,6.5,46,58,7,"dozens",100
"male",69,148,10,4,"Junior",1,1,100,25,7,49,53,5,"dozens",100
"male",71,150,11.5,5,"Freshman",2,1,90,60,6,54,54,8,"one",100
"female",66,135,8.5,25,"Freshman",2,1,90,70,8,35,35,5,"one",75
"female",62,135,8,21,"Sophomore",0,1,85,120,8,52,59,8,"dozens",50
"male",74,230,12,14,"Sophomore",1,0,40,105,4,40,41,2,"one",100
"female",63,135,7,31,"Sophomore",0,1,80,11,6,47,48,7,"few",40
"female",64,120,6.5,25,"Senior",4,1,90,200,6,51,51,7,"few",50
"female",62,115,6,25,"Sophomore",0,2,77,25,8.5,52,52,4,"one",85
"male",73,147,12,4,"Sophomore",0,4,115,120,5.5,54,56,3,"few",75
"male",72,157,12.5,3,"Sophomore",3,2,155,40,7,56,61,2,"thousands",100
"female",65,118,8.5,7,"Junior",8,2,101,1,4.5,57,55,4,"one",70
"female",63,115,6.5,20,"Sophomore",1,0,110,3,6,46,52,7,"few",60
"male",73,187,12,7,"Sophomore",2,1,145,10,7,46,60,2,"dozens",90
"female",68,150,11,20,"Sophomore",2,1,90,22,6.5,50,50,8,"few",91
"female",62,150,8.5,6,"Senior",7,4,30,11,6.5,48,52,8,"one",80
"female",60,129,6,15,"Sophomore",1,1,40,10,7,50,50,8,"one",40
"male",67,130,9.5,4,"Sophomore",0,2,100,0,7,50,56,3,"few",65
"female",66,135,8.5,20,"Sophomore",3,0,90,42,7,54,55,7,"one",20
"male",67,140,8.5,10,"Sophomore",3,3,120,8,8,45,52,4,"few",10
"female",64,133,8.5,14,"Junior",18,2,120,0,7.5,49,51,3,"few",50
"male",74,190,13,6,"Senior",2,2,115,11,6,54,52,6,"one",100
"male",67,146,9,8,"Junior",2,3,95,20,7.5,60,60,3,"few",55
"male",73,200,12,3,"Sophomore",4,2,120,17,6.5,47,53,7,"few",70
"female",59,96,7,15,"Sophomore",0,1,100,18,6.5,49,50,4,"one",60
"female",62,150,7.5,20,"Senior",4,2,90,200,6.5,50,46,3,"few",30
"male",72,160,11,3,"Sophomore",0,2,80,40,9,63,65,1,"millions",10
"female",64,140,8.5,35,"Freshman",0,2,80,45,7,53,53,7,"thousands",100
"male",70,160,9.5,5,"Sophomore",1,3,100,0,8,49,59,4,"few",75
"female",67,118,8,30,"Freshman",3,2,70,50,8.5,56,55,5,"one",60
"female",65,117,9,14,"Junior",2,0,100,20,5.5,54,56,6,"one",100
"male",71,158,11,12,"Freshman",10,2,135,15,7,55,50,1,"thousands",80
"female",63,140,7.5,30,"Sophomore",0,1,90,50,9,58,50,9,"few",50
"female",60,130,6.5,28,"Sophomore",1,0,85,40,8,41,44,8,"one",13
"female",63,111,6.5,30,"Sophomore",1,1,65,1,6,39,42,9,"few",50
"female",62,110,8,30,"Junior",5,1,85,1,7,51,53,7,"few",75
"female",62,114,7.5,35,"Sophomore",7,1,80,5,7.5,50,48,2,"dozens",35
"male",69,145,9,10,"Sophomore",1,3,100,50,8,59,60,2,"hundreds",25
"male",70,150,11,1,"Sophomore",2,2,100,20,8,48,55,6,"few",50
"male",74,194,11,7,"Sophomore",9,0,101,46,7,51,56,8,"none",0
"female",70,140,9,6,"Junior",3,2,90,0,7,46,47,7,"few",90
"female",64,130,8.5,30,"Junior",2,1,85,60,6.5,54,54,9,"few",20
"male",72,190,11,45,"Sophomore",4,1,119,200,8,54,59,3,"one",10
"female",63,105,7.5,13,"Sophomore",0,1,95,25,7.5,35,35,7,"none",4
"female",59,105,6,20,"Freshman",6,1,90,50,8,57,63,6,"dozens",6
"female",68,128,8,13,"Sophomore",0,4,30,0,5.5,57,58,5,"few",70
"male",71,182,12,8,"Junior",0,1,103,21,7.5,46,48,3,"one",50
"male",68,175,11.5,6,"Sophomore",0,3,75,5,4,45,56,7,"one",99
"female",62,130,8,15,"Sophomore",10,0,110,0,6,50,53,8,"dozens",30
"female",65,122,7,50,"Sophomore",6,1,20,1000,6,53,57,4,"dozens",13
"female",67,146,9,27,"Senior",0,2,95,105,8.5,43,49,2,"few",30
"male",72,160,12,6,"Sophomore",0,2,105,20,8,50,50,5,"dozens",0
"female",65,130,8.5,15,"Freshman",3,1,95,50,7,58,59,7,"one",75
"female",64,124,7.5,10,"Sophomore",2,1,100,20,7.5,50,52,10,"few",65
"male",68,165,10,6,"Sophomore",0,1,110,25,7,47,47,4,"dozens",10
"male",66,155,10,5,"Freshman",4,2,120,60,7,52,51,4,"millions",100
"female",69,145,9,14,"Sophomore",6,2,90,20,6,55,51,7,"few",80
"female",66,130,9,13,"Sophomore",1,1,105,25,4,53,55,8,"hundreds",0
"female",66,130,9,30,"Sophomore",2,1,95,25,7.5,50,55,10,"few",50
"female",67,140,9,25,"Freshman",3,1,90,0,8,47,47,5,"one",40
"male",68,116,8.5,6,"Junior",0,1,120,20,7.5,52,51,3,"few",50
"female",63,125,7,15,"Sophomore",2,2,20,0,6.5,37,36,6,"one",50
"male",71,180,11,7,"Sophomore",1,1,115,0,7,45,43,8,"one",15
"female",64,115,7.5,7,"Freshman",1,1,90,32,7,50,56,8,"few",60
"male",69,125,9.5,5,"Sophomore",2,3,85,0,7,41,42,6,"few",20
"female",66,125,8,12,"Sophomore",1,2,70,40,8,63,58,7,"few",50
"male",72,185,12,6,"Sophomore",7,2,100,10,7,51,50,8,"few",10
"female",63,147,7.5,20,"Sophomore",1,1,82,100,7,53,51,5,"few",90
"female",65,130,8.5,20,"Junior",0,0,80,80,7.5,50,46,7,"few",20
"female",68,127,9.5,13,"Freshman",1,1,85,0,7.5,50,51,9,"dozens",10
"female",65,130,8,12,"Sophomore",30,2,95,20,7,49,49,7,"one",100
"male",66,152,9,14,"Sophomore",5,2,106,40,7.5,49,53,8,"dozens",20
"male",71,175,10.5,5,"Sophomore",0,1,115,32,9,50,51,1,"few",20
"male",75,178,13,5,"Sophomore",1,2,140,600,7.5,52,54,6,"dozens",50
"female",65,125,8.5,12,"Sophomore",8,2,80,2,7,50,52,4,"one",100
"female",68,155,8.5,10,"Sophomore",12,1,110,1000,5,49,50,7,"few",90
"male",69,130,10,8,"Sophomore",5,2,90,0,6,41,42,6,"dozens",95
"female",61,109,5,6,"Freshman",2,4,80,0,7,46,50,5,"millions",50
"male",70,155,8.5,6,"Sophomore",0,1,90,41,7,54,56,3,"none",25
"male",70,158,10.5,7,"Sophomore",1,3,102,40,7.5,65,65,7,"hundreds",100
"male",72,174,10.5,6,"Senior",8,1,102,23,7.5,48,51,7,"hundreds",40
"female",65,130,8.5,40,"Sophomore",0,2,95,13,8,47,46,7,"few",95
"male",68,120,8,7,"Sophomore",2,1,90,8,7,49,47,1,"one",15
"male",72,160,11,4,"Sophomore",5,2,105,30,7,46,44,7,"one",30
"female",65,115,7.5,20,"Sophomore",3,2,90,40,8.5,59,59,2,"few",50
"male",71,160,10.5,3,"Sophomore",0,2,80,13,7,49,55,7,"one",10
"female",68,121,8,7,"Graduate",1,0,84,0,8,51,49,4,"dozens",100
"female",68,159,10,22,"Senior",1,1,100,29,7,58,65,9,"few",100
"male",68,180,10.5,6,"Senior",0,0,100,15,5,50,52,9,"one",80
"female",62,94,8,8,"Sophomore",5,2,80,20,7,42,49,7,"one",50
"female",61,165,8.5,30,"Sophomore",6,1,100,31,7,54,61,6,"few",20
"female",63,102,7,30,"Sophomore",3,2,75,30,8,51,51,4,"one",100
"female",62,195,9,23,"Senior",0,2,90,7,6.5,44,45,7,"few",50
"female",69,207,9.5,9,"Sophomore",10,2,80,47,6.5,43,42,3,"one",90
"female",65,150,8,18,"Sophomore",8,2,90,60,9,48,52,9,"millions",100
"female",63,125,8,16,"Sophomore",3,1,70,50,5.5,50,53,6,"few",70
"male",67,215,12,8,"Sophomore",1,2,123,41,7.5,37,45,9,"few",10
"female",70,150,10,40,"Junior",3,1,95,80,6.5,53,62,8,"dozens",100
"male",68,175,11,5,"Junior",0,2,98,1000,6,43,43,3,"few",60
"female",64,127,7,20,"Sophomore",1,1,95,50,7.5,57,59,9,"one",95
"male",68,165,10.5,8,"Freshman",4,2,110,10,8,56,58,3,"few",100
"male",70,170,10,5,"Sophomore",10,1,100,0,7,52,50,5,"dozens",10
"female",70,150,11,18,"Sophomore",1,1,88,11,7,49,46,2,"one",100
"female",66,123,6,25,"Sophomore",1,3,108,0,7,45,48,4,"few",99
"male",71,165,11.5,3,"Sophomore",1,3,125,55,6.5,54,63,6,"hundreds",50
"female",66,121,9,6,"Freshman",3,4,90,20,8,50,51,4,"one",100
"female",66,143,9,9,"Senior",1,0,80,50,9.5,57,58,3,"few",20
"female",66,112,8.5,10,"Sophomore",10,4,85,82,6,49,54,3,"one",60
"female",62,100,7,6,"Sophomore",1,1,35,500,7,50,55,6,"few",50
"male",75,190,12.5,3,"Junior",6,3,120,0,8,52,53,2,"thousands",50
"female",68,180,10,14,"Freshman",4,3,95,120,7,62,65,7,"few",95
"female",71,119,7.5,20,"Freshman",1,2,80,29,8,46,46,3,"few",90
"male",63,117,7.5,19,"Freshman",1,0,69,20,7,43,49,9,"thousands",3
"male",71,170,10.5,6,"Sophomore",1,1,90,46,6,55,57,9,"few",60
"female",70,143,8.5,20,"Sophomore",4,1,105,24,9,55,52,10,"hundreds",90
"male",75,168,9.5,22,"Sophomore",0,2,105,54,6.5,51,52,7,"few",85
"male",74,188,11.5,6,"Sophomore",0,1,20,100,5.5,51,60,4,"one",100
"female",62,111,6.5,10,"Sophomore",0,1,65,300,6,47,51,8,"few",25
"male",71,160,10.5,3,"Sophomore",3,3,100,40,6,54,55,9,"hundreds",80
"female",62,110,7,22,"Sophomore",11,2,80,18,6,44,43,8,"one",50
"female",62,110,5.5,11,"Freshman",1,2,70,50,7,51,52,2,"thousands",85
"male",68,225,11,8,"Sophomore",0,1,124,40,7.5,48,47,6,"few",100
"female",68,150,9,30,"Freshman",3,3,85,45,7,51,53,8,"few",90
"female",63,115,6,20,"Freshman",0,1,60,30,8,51,51,8,"dozens",50
"female",63,125,6.5,10,"Junior",2,2,90,7,6,52,52,4,"millions",90
"male",66,120,7,10,"Junior",3,1,50,1000,6,53,53,3,"hundreds",8
"female",62,180,9.5,14,"Freshman",5,1,95,1,7.5,53,51,9,"few",10
"female",64,115,7.5,30,"Sophomore",2,1,90,20,6,53,52,7,"few",100
"female",67,130,9.5,25,"Sophomore",1,1,85,35,6.5,47,52,4,"few",44
"female",66,140,7,15,"Sophomore",2,2,57,10,7,58,48,7,"few",100
"male",69,139,10,7,"Sophomore",1,4,91,50,6,51,50,4,"hundreds",75
"female",61,92,6.5,8,"Junior",6,1,103,7,6.5,42,52,4,"one",100
"female",57,112,6,20,"Sophomore",5,3,85,20,7,53,53,7,"one",25
"male",70,155,12,7,"Freshman",2,2,85,5,9,40,49,9,"few",15
"female",73,225,12,20,"Freshman",0,1,95,0,7,51,55,7,"one",50
"female",67,135,9.5,20,"Senior",5,2,110,45,8,61,61,7,"few",40
"male",72,170,11.5,8,"Freshman",1,1,120,50,8,48,48,8,"dozens",25
"female",64,180,9.5,20,"Sophomore",4,1,85,42,6.5,59,61,3,"one",100
"male",70,155,12,6,"Sophomore",0,2,75,40,8,45,56,8,"hundreds",20
"male",68,150,9,8,"Sophomore",30,2,160,110,4.5,51,53,9,"few",25
"female",64,103,6,20,"Sophomore",0,2,25,22,8,49,49,10,"few",50
"female",64,127,7.5,10,"Senior",0,0,85,15,6,50,54,5,"few",30
"male",68,130,9,7,"Sophomore",1,2,100,90,8,57,61,8,"few",10
"male",71,160,11,8,"Sophomore",4,4,90,50,7,52,56,7,"few",100
"female",65,113,8,13,"Senior",1,1,62,4,7.5,48,50,5,"few",25
"male",72,175,10,8,"Senior",3,2,90,200,7.5,52,52,6,"hundreds",20
"female",60,100,6,40,"Sophomore",0,1,85,43,7,51,50,5,"hundreds",40
"female",67,150,10,7,"Sophomore",1,2,90,0,8,52,52,4,"few",75
"female",67,150,11,9,"Freshman",1,2,40,0,8,50,53,6,"few",50
"female",67,130,8.5,16,"Sophomore",0,1,88,20,8,53,56,7,"dozens",50
"male",69,137,10,4,"Sophomore",7,2,105,80,8,51,52,4,"millions",50
"female",65,125,7.5,35,"Sophomore",6,2,80,100,6.5,49,52,7,"one",90
"male",73,152,11.5,15,"Freshman",1,3,110,80,7.5,50,59,4,"one",40
"female",62,105,5.5,9,"Sophomore",0,1,60,7,7,55,59,6,"few",60
"female",64,150,8,10,"Sophomore",1,1,110,1,9,56,58,6,"few",70
"male",68,150,9,13,"Sophomore",2,1,105,42,7,43,44,7,"few",100
"female",65,140,9,25,"Sophomore",8,3,93,30,7.5,50,50,5,"few",45
"female",61,130,7.5,10,"Junior",0,1,92,150,5,57,65,3,"one",82
"female",69,120,8.5,60,"Sophomore",5,0,100,0,6,42,42,6,"thousands",50
"male",69,115,7.5,8,"Sophomore",7,2,105,60,8,57,60,6,"millions",50
"female",63,113,7.5,15,"Sophomore",0,2,100,40,7,50,52,9,"few",30
"female",64,130,5.5,35,"Junior",0,2,95,30,6,61,55,7,"few",55
"female",62,135,7.5,5,"Sophomore",0,1,80,100,6,40,41,9,"one",50
"female",63,140,8,30,"Sophomore",0,1,115,23,7,46,51,5,"dozens",95
"female",68,130,7,10,"Junior",1,2,90,20,7,48,48,2,"few",100
"female",62,100,7.5,27,"Freshman",6,1,80,300,6.5,53,53,7,"few",95
"male",72,182,12,7,"Senior",10,1,160,0,7.5,49,49,7,"one",100
"female",60,100,7.5,15,"Sophomore",0,1,70,65,6,49,56,7,"one",80
"female",64,183,9.5,15,"Sophomore",4,2,95,4,7,49,49,3,"few",50
"male",70,132,10,4,"Freshman",1,1,90,53,8,46,53,1,"millions",100
"female",65,150,8.5,10,"Junior",1,2,85,11,8,49,52,8,"one",100
"female",64,145,8,15,"Sophomore",4,2,80,55,7,44,44,8,"one",60
"male",71,170,10.5,1,"Junior",1,1,110,1,4,46,57,1,"none",10
"female",68,160,8.5,9,"Sophomore",3,1,75,150,7,43,42,7,"few",70
"male",65,125,7.5,3,"Sophomore",0,1,60,40,7,49,50,3,"few",1
"female",70,126,8.5,22,"Sophomore",3,2,140,63,6.5,57,57,6,"dozens",97
"male",70,148,10,6,"Sophomore",0,2,95,50,7,46,53,5,"one",50
"female",72,130,10,22,"Freshman",2,2,65,400,6,52,55,9,"dozens",18
"female",62,115,7,20,"Senior",2,2,100,35,6.5,49,49,8,"few",60
"female",67,180,11,20,"Junior",1,3,80,0,6,45,46,6,"few",30
"male",72,190,10,4,"Sophomore",4,1,90,130,8,54,54,8,"dozens",20
"female",68,136,8,12,"Junior",9,3,105,5,6.5,47,50,9,"one",100
"female",68,150,10,20,"Freshman",1,4,102,25,6.5,44,47,7,"few",75
"female",67,140,9.5,15,"Freshman",3,2,70,70,7,53,53,5,"few",75
"female",63,123,6.5,41,"Sophomore",3,1,90,19,7.5,54,58,7,"one",100
"female",64,160,8.5,12,"Sophomore",2,2,60,0,9,39,43,6,"few",90
"female",69,136,11,20,"Freshman",3,2,94,24,7.5,46,47,7,"dozens",60
"female",63,129,8,9,"Freshman",1,2,120,45,6.5,49,57,5,"few",35
"male",69,145,9.5,3,"Junior",0,1,100,54,6.5,57,61,6,"dozens",2
"male",73,165,11.5,9,"Freshman",0,2,100,12,8,50,50,7,"thousands",2
"male",71,173,11,14,"Freshman",1,1,100,110,7,49,45,7,"few",0
"female",64,105,6.5,20,"Freshman",2,4,85,45,8.5,53,62,7,"few",50
"female",66,117,7,12,"Freshman",3,1,95,10,6,47,50,1,"few",75
"female",69,127,7.5,25,"Freshman",2,2,100,0,6,47,47,4,"hundreds",100
"female",63,110,7,25,"Freshman",4,1,82,56,6,49,50,5,"one",75
"female",64,140,7,20,"Freshman",4,2,70,200,7,52,53,4,"one",51
"male",72,175,11.5,6,"Freshman",12,2,107,14,7.5,50,50,7,"few",80
"female",65,128,7.5,24,"Freshman",2,2,102,50,8,50,49,4,"one",90
"female",67,140,10,20,"Freshman",1,1,90,10,9,48,58,4,"one",5
"female",68,133,9,20,"Freshman",1,2,100,68,6,46,46,2,"dozens",90
"male",75,196,12,10,"Freshman",1,2,100,100,7.5,43,43,7,"one",100
"female",63,115,8,10,"Freshman",4,7,75,12,7.5,42,45,6,"dozens",90
"male",66,135,9.5,6,"Freshman",3,3,60,99,8,38,37,7,"few",25
"female",60,175,7.5,5,"Freshman",1,3,50,27,6.5,46,53,6,"few",69
"female",62,127,7.5,45,"Freshman",5,6,100,5,7,45,50,3,"one",100
"male",71,145,9.5,10,"Freshman",2,2,100,40,8.5,49,50,1,"thousands",50
"female",64,135,8,14,"Freshman",30,1,84,0,6.5,45,47,9,"none",20
"female",63,113,6.5,20,"Freshman",2,1,80,60,4,47,50,7,"few",100
"female",67,133,8.5,20,"Freshman",4,2,100,1,7,57,55,8,"millions",0
"female",65,130,9,30,"Freshman",4,3,70,43,8,50,52,3,"few",100
"female",62,138,7.5,24,"Freshman",1,1,90,60,7,51,51,4,"few",40
"female",69,147,10,40,"Freshman",1,2,93,45,8.5,58,58,9,"one",25
"female",63,106,5,11,"Freshman",2,0,20,43,7,44,47,7,"few",50
"female",68,165,9,15,"Freshman",3,2,99,0,6.5,52,53,3,"few",25
"female",67,145,7.5,9,"Freshman",2,2,25,45,8,55,54,2,"millions",50
"female",59,100,5,40,"Freshman",6,0,88,50,7,53,54,9,"few",70
"female",65,128,7.5,30,"Freshman",1,2,80,7,5.5,54,59,8,"few",90
"male",67,200,11,20,"Freshman",1,1,100,30,6.5,40,45,5,"hundreds",30
"male",69,140,11,5,"Freshman",3,1,120,15,8.5,49,49,7,"few",80
"female",64,160,8,18,"Freshman",2,1,120,67,7,53,51,2,"one",77
"female",63,101,8,11,"Freshman",3,0,70,38,8,53,49,5,"one",100
"male",70,139,8.5,4,"Freshman",4,1,45,400,7.5,47,45,6,"few",80
"female",53,120,8,30,"Freshman",2,3,85,100,8.5,43,46,2,"few",20
"female",65,120,8,15,"Freshman",1,1,90,30,8.5,51,50,6,"one",70
"male",69,187,10.5,5,"Freshman",0,1,75,30,7,52,62,7,"few",85
"female",66,116,7.5,11,"Freshman",1,2,85,73,6.5,49,52,6,"dozens",100
"female",66,160,10,14,"Freshman",1,1,102,17,7.5,51,50,10,"few",80
"female",64,130,6.5,35,"Freshman",3,3,120,15,6,56,63,6,"one",50
"male",68,160,10.5,3,"Freshman",2,3,90,35,8,49,52,5,"few",15
"female",68,110,8.5,10,"Sophomore",0,0,20,0,5.5,47,47,7,"one",50
"male",72,220,12,8,"Junior",3,3,130,200,6.5,48,48,7,"few",60
"female",67,175,9.5,7,"Freshman",4,1,82,10,7,45,56,9,"few",70
"female",70,135,10.5,12,"Freshman",15,2,20,14,6,45,53,4,"dozens",90
"female",62,110,8,20,"Freshman",1,1,85,20,7,53,52,7,"one",50
"female",65,145,8,15,"Freshman",0,1,85,15,8,46,52,6,"few",90
"male",66,125,9,8,"Freshman",0,0,105,1000,7,48,48,5,"few",80
"female",69,127,8.5,25,"Freshman",4,1,82,40,7.5,52,50,6,"dozens",91
"female",63,205,8.5,40,"Junior",5,3,80,300,7,63,65,7,"dozens",40
"female",68,165,9,40,"Freshman",0,1,95,25,6,41,48,4,"one",100
"female",66,130,7.5,20,"Graduate",1,2,95,22,6.5,62,62,8,"few",90
"female",61,135,8.5,5,"Freshman",0,1,40,35,6,46,53,5,"few",50
"male",68,220,10,6,"Freshman",12,1,75,500,7.5,38,41,10,"few",25
"female",63,150,8,7,"Sophomore",3,10,95,200,7,55,60,7,"few",40
"male",70,145,10,3,"Sophomore",2,2,115,40,4,43,43,3,"few",12
"male",73,182,10.5,5,"Freshman",1,1,155,500,7.5,48,49,10,"few",85
"male",73,165,11,4,"Sophomore",5,2,65,25,7,51,56,7,"one",40
"male",69,137,9.5,2,"Sophomore",12,2,125,0,5.5,54,58,8,"thousands",0
"male",74,185,11,3,"Junior",12,1,105,200,8,46,52,9,"hundreds",100
"female",71,189,10,6,"Junior",1,5,85,44,7.5,53,58,3,"dozens",99
"female",63,120,8,20,"Freshman",0,2,60,25,7,58,59,6,"one",50
"female",67,120,8.5,15,"Freshman",1,2,85,120,7,52,61,10,"hundreds",70
"male",72,138,11.5,5,"Freshman",0,2,90,25,8,50,55,7,"few",50
"male",72,126,10,3,"Sophomore",0,2,70,2,7,47,53,3,"few",17
"male",74,201,12.5,6,"Sophomore",1,1,115,1000,6.5,58,56,7,"one",100
"male",69,148,9.5,2,"Freshman",1,2,100,16,7,46,62,8,"dozens",70
"male",71,155,10,6,"Freshman",2,2,100,57,8,51,53,7,"millions",100
"female",61,136,7,10,"Freshman",2,1,87,100,6,51,56,7,"few",25
"male",69,132,8,6,"Freshman",1,0,140,50,8.5,47,53,3,"few",20
"female",61,135,6.5,12,"Freshman",0,0,85,5,8,44,44,5,"one",90
"female",65,170,8.5,25,"Freshman",6,1,100,10,7,43,44,2,"one",50
"male",72,174,11,6,"Sophomore",11,2,140,14,8,52,55,7,"few",30
"female",67,125,9.5,7,"Freshman",2,1,63,15,6.5,48,57,7,"one",65
"male",71,130,10,2,"Freshman",0,1,50,67,8,49,53,5,"none",100
"male",73,140,9.5,4,"Freshman",1,2,80,32,9,43,43,4,"dozens",90
"female",66,134,8,16,"Sophomore",2,2,91,2,9,48,49,7,"few",95
"male",66,174,10.5,4,"Sophomore",2,3,92,3,7.5,52,59,6,"thousands",75
"female",64,115,8,14,"Freshman",20,1,80,98,6,37,35,5,"one",75
"female",63,130,7.5,20,"Freshman",1,0,80,40,7,46,55,7,"one",50
"male",67,145,13.5,6,"Senior",3,2,110,50,7.5,52,53,7,"dozens",20
"female",68,140,9,28,"Freshman",1,1,85,70,9,49,52,9,"few",50
"male",69,150,9,3,"Junior",0,1,88,90,9.5,49,50,5,"few",50
"female",67,155,8,8,"Freshman",3,2,85,55,6,42,43,4,"one",40
"male",71,155,11,7,"Junior",2,2,95,35,8.5,55,60,4,"thousands",99
"male",67,112,9,2,"Freshman",2,3,112,0,10,48,48,4,"dozens",100
"male",75,196,11.5,7,"Sophomore",1,3,96,0,8,56,60,1,"one",50
"female",67,128,8.5,12,"Freshman",4,2,85,40,9,48,56,4,"one",62
"female",64,125,8.5,11,"Freshman",0,1,65,75,7.5,47,55,6,"few",90
"male",70,145,9,5,"Freshman",2,1,95,90,6.5,42,42,9,"thousands",100
"female",68,125,9.5,25,"Freshman",2,4,88,74,7,52,52,7,"few",99
"female",68,140,8,18,"Freshman",6,1,75,18,7.5,48,50,8,"few",70
"male",70,180,10.5,6,"Freshman",3,2,135,20,7,56,55,1,"one",90
"male",73,150,13,5,"Freshman",0,1,80,20,7.5,50,50,3,"one",50
"male",76,185,13,8,"Sophomore",4,2,180,25,8,50,51,3,"dozens",75
"female",64,135,8.5,11,"Freshman",1,1,85,85,9,52,53,9,"one",100
"male",70,180,11.5,10,"Sophomore",1,0,130,300,7,59,65,7,"few",90
"female",64,130,9,30,"Freshman",3,1,110,3,5,39,43,2,"one",100
"female",65,133,8,15,"Sophomore",1,3,80,31,7,50,50,7,"few",95
"female",60,105,6.5,4,"Junior",5,2,80,40,5.5,48,46,1,"few",50
"female",63,114,7.5,12,"Freshman",1,1,90,55,7,49,53,9,"few",35
"female",65,125,7.5,14,"Freshman",3,3,100,0,8.5,46,48,5,"few",55
"male",74,155,10,3,"Freshman",0,0,74,400,8.5,47,49,6,"few",5
"male",72,175,13,6,"Sophomore",6,3,85,0,6.5,53,55,6,"dozens",20
"male",72,175,11,5,"Freshman",0,2,70,200,7,44,44,5,"one",15
"female",62,130,6.5,10,"Freshman",0,2,65,63,9,50,53,2,"few",100
"female",65,135,7.5,35,"Sophomore",1,2,80,101,8.5,51,52,5,"hundreds",50
"male",72,270,14,4,"Sophomore",10,4,95,46,6,46,47,8,"few",75
"female",64,135,8.5,20,"Freshman",2,2,85,35,7,54,54,6,"few",4
"female",70,185,11,10,"Freshman",7,1,106,140,7,49,55,4,"one",50
"female",64,138,7.5,25,"Freshman",30,1,100,70,7.5,50,48,6,"one",45
"female",66,145,9,12,"Junior",3,2,90,20,7,48,58,2,"few",98
"male",71,176,12.5,4,"Freshman",0,4,60,103,8,40,44,10,"few",20
"male",68,138,10,6,"Freshman",0,2,100,0,6,52,54,9,"millions",75
"female",65,135,7.5,40,"Sophomore",3,1,100,2,7.5,50,51,6,"few",60
"female",62,120,6.5,100,"Sophomore",0,1,100,40,7.5,50,45,5,"one",75
